Left_Node_ID,Right_Node_ID
88278350,88277868
88281569,88278895
88283178,88280589
88278351,88277857
88281570,88278896
88283179,88280590
88278352,88277861
88283180,88280591
88281571,88278897
88278353,88277858
88283181,88280592
88281572,88278898
88278354,88277878
88283182,88280593
88281573,88278899
88278355,88277880
88283183,88280594
88281574,88278900
88278356,88277876
88283184,88280595
88281575,88278901
88278357,88277464
88283185,88280596
88281576,88278902
88278358,88277459
88283186,88280597
88281577,88278903
88283187,88280598
88281578,88278904
88281579,88278905
88283188,88280599
88281580,88278906
88283189,88280600
88281581,88278907
88283190,88280601
88283191,88280602
88281582,88278908
88283192,88280603
88281583,88278909
88283193,88280604
88281584,88278910
88283194,88280605
88281585,88278911
88283195,88280606
88281586,88278912
88283196,88280607
88281587,88278913
88283197,88280608
88281588,88278914
88283198,88280609
88281589,88278915
88281590,88278916
88283199,88280610
88281591,88278917
88283200,88280611
88281592,88278918
88283201,88280612
88283202,88280613
88281593,88278922
88283203,88280614
88281594,88278923
88283204,88280615
88281595,88278924
88283205,88280616
88281596,88278925
88283206,88280617
88281597,88278926
88283207,88280618
88281598,88278927
88283208,88280619
88281599,88278928
88283209,88280620
88281600,88278929
88281601,88278930
88283210,88280621
88281602,88278931
88283211,88280622
88281603,88278932
88283212,88280623
88283213,88280624
88281604,88278933
88283214,88280625
88281605,88278934
88283215,88280626
88281606,88278935
88283216,88280627
88281607,88278936
88283217,88280628
88281608,88278937
88283218,88280629
88281609,88278938
88283219,88280630
88281610,88278939
88283220,88280631
88281611,88278940
88281612,88278941
88283221,88280632
88281613,88278942
88283222,88280633
88281614,88278943
88283223,88280634
88283224,88280635
88281615,88278944
88283225,88280636
88281616,88278945
88283226,88280637
88281617,88278946
88283227,88280638
88281618,88278947
88283228,88280639
88281619,88278948
88283229,88280640
88281620,88278949
88283230,88280641
88281621,88278950
88283231,88280642
88281622,88278951
88281623,88278952
88283232,88280643
88281624,88278953
88283233,88280644
88281625,88278955
88283234,88280645
88283235,88280646
88281626,88278956
88283236,88280647
88281627,88278957
88283237,88280648
88281628,88278958
88283238,88280649
88281629,88278959
88283239,88280650
88281630,88278960
88283240,88280651
88281631,88278961
88283241,88280652
88281632,88278962
88283242,88280653
88281633,88278963
88281634,88278964
88283243,88280654
88281635,88278965
88283244,88280655
88281636,88278966
88283245,88280656
88283246,88280657
88281637,88278967
88283247,88280658
88281638,88278968
88283248,88280659
88281639,88278969
88283249,88280660
88281640,88278970
88283250,88280661
88281641,88278971
88283251,88280662
88281642,88278972
88283252,88280663
88281643,88278973
88283253,88280664
88281644,88278974
88281645,88278975
88283254,88280665
88281646,88278976
88283255,88280666
88281647,88278977
88283256,88280667
88283257,88280668
88281648,88278979
88031453,88031356
88283258,88280669
88281649,88278980
88283259,88280670
88281650,88278981
88283260,88280671
88281651,88278982
88283261,88280672
88281652,88278983
88283262,88280673
88281653,88278984
88283263,88280674
88281654,88278985
88283264,88280675
88281655,88278986
88281656,88278987
88283265,88280676
88281657,88278988
88283266,88280677
88281658,88278989
88283267,88280678
88283268,88280679
88281659,88278990
88283269,88280680
88281660,88278992
88283270,88280681
88281661,88278993
88283271,88280682
88281662,88278994
88283272,88280685
88281663,88278995
88283273,88280686
88281664,88278996
88283274,88280687
88281665,88278997
88283275,88280688
88281666,88278998
88281667,88278999
88283276,88280689
88281668,88279000
88283277,88280690
88281669,88279001
88283278,88280691
88283279,88280692
88281670,88279002
88283280,88280693
88281671,88279003
88032546,88031346
88283281,88280694
88281672,88279004
88032547,88031347
88283282,88280695
88281673,88279005
88032548,88031348
88283283,88280696
88281674,88279006
88032549,88031349
88283284,88280697
88281675,88279007
88032550,88031350
88283285,88280698
88281676,88279008
88032551,88031351
88283286,88280699
88281677,88279009
88032552,88031352
88281678,88279010
88283287,88280700
88032553,88031353
88281679,88279011
88283288,88280701
88032554,88031354
88281680,88279012
88283289,88280702
88032555,88031355
88283290,88280703
88281681,88279013
88032556,88031357
88283291,88280704
88281682,88279014
88032557,88031358
88283292,88280705
88281683,88279015
88032558,88031359
88283293,88280706
88281684,88279016
88032559,88031360
88283294,88280707
88281685,88279017
88032560,88031361
88283295,88280708
88281686,88279018
88032561,88031362
88283296,88280709
88281687,88279019
88032562,88031363
88283297,88280710
88281688,88279020
88032563,88031369
88281689,88279023
88283298,88280711
88032564,88031364
88281690,88279024
88283299,88280712
88032565,88031365
88281691,88279025
88283300,88280713
88032566,88031366
88283301,88280714
88281692,88279026
88032567,88031367
88283302,88280715
88281693,88279027
88032568,88031368
88283303,88280716
88281694,88279028
88032569,88031370
88283304,88280717
88281695,88279029
88283305,88280718
88281696,88279030
88283306,88280719
88281697,88279031
88283307,88280720
88281698,88279032
88283308,88280721
88281699,88279033
88281700,88279034
88283309,88280722
88281701,88279035
88283310,88280723
88281702,88279036
88283311,88280724
88283312,88280725
88281703,88279037
88283313,88280726
88281704,88279038
88283314,88280727
88281705,88279039
88283315,88280728
88281706,88279040
88283316,88280729
88281707,88279041
88283317,88280730
88281708,88279042
88283318,88280731
88281709,88279043
88283319,88280732
88281710,88279044
88281711,88279045
88283320,88280735
88281712,88279046
88283321,88280736
88281713,88279047
88283322,88280737
88283323,88280738
88281714,88279048
88283324,88280739
88281715,88279049
88283325,88280740
88281716,88279050
88283326,88280741
88281717,88279051
88283327,88280742
88281718,88279052
88283328,88280743
88281719,88279053
88283329,88280744
88281720,88279055
88283330,88280745
88281721,88279056
88281722,88279057
88283331,88280746
88281723,88279058
88283332,88280747
88281724,88279059
88283333,88280748
88283334,88280749
88281725,88279060
88283335,88280750
88281726,88279061
88283336,88280751
88281727,88279062
88283337,88280752
88281728,88279063
88283338,88280753
88281729,88279064
88283339,88280754
88281730,88279065
88283340,88280755
88281731,88279066
88283341,88280756
88281732,88279067
88281733,88279068
88283342,88280757
88281734,88279069
88283343,88280758
88281735,88279070
88283344,88280759
88283345,88280762
88281736,88279071
88283346,88280763
88281737,88279072
88283347,88280764
88281738,88279073
88283348,88280765
88281739,88279074
88283349,88280766
88281740,88279075
88283350,88280767
88281741,88279076
88283351,88280768
88281742,88279077
88283352,88280769
88281743,88279078
88281744,88279079
88283353,88280770
88281745,88279080
88283354,88280772
88281746,88279081
88283355,88280773
88283356,88280774
88281747,88279082
88283357,88280775
88281748,88279083
88283358,88280776
88281749,88279084
88283359,88280777
88281750,88279085
88283360,88280778
88281751,88279086
88283361,88280779
88281752,88279087
88283362,88280780
88281753,88279088
88283363,88280782
88281754,88279089
88281755,88279090
88283364,88280783
88281756,88279091
88283365,88280784
88281757,88279092
88283366,88280785
88283367,88280786
88281758,88279093
88283368,88280787
88281759,88279094
88283369,88280788
88281760,88279095
88283370,88280789
88281761,88279096
88283371,88280790
88281762,88279097
88283372,88280791
88281763,88279098
88283373,88280792
88281764,88279099
88283374,88280793
88281765,88279100
88281766,88279101
88283375,88280794
88281767,88279102
88283376,88280795
88281768,88279103
88283377,88280796
88283378,88280797
88281769,88279104
88283379,88280798
88281770,88279105
88283380,88280799
88281771,88279108
88283381,88280800
88281772,88279109
88283382,88280801
88281773,88279110
88283383,88280802
88281774,88279111
88283384,88280803
88281775,88279112
88283385,88280804
88281776,88279113
88281777,88279114
88283386,88280805
88281778,88279115
88283387,88280806
88281779,88279116
88283388,88280807
88283389,88280808
88281780,88279117
88283390,88280809
88281781,88279118
88283391,88280810
88281782,88279119
88283392,88280811
88281783,88279120
88283393,88280812
88281784,88279121
88283394,88280813
88281785,88279122
88283395,88280814
88281786,88279123
88283396,88280815
88281787,88279124
88281788,88279125
88283397,88280816
88281789,88279126
88283398,88280817
88281790,88279127
88283399,88280818
88283400,88280819
88281791,88279128
88283401,88280820
88281792,88279129
88283402,88280821
88281793,88279130
88283403,88280822
88281794,88279131
88283404,88280823
88281795,88279132
88283405,88280824
88281796,88279133
88283406,88280825
88281797,88279134
88283407,88280826
88281798,88279135
88281799,88279136
88283408,88280827
88281800,88279137
88283409,88280828
88281801,88279138
88283410,88280829
88283411,88280830
88281802,88279139
88283412,88280831
88281803,88279140
88283413,88280832
88281804,88279141
88283414,88280833
88281805,88279142
88283415,88280834
88281806,88279143
88283416,88280835
88281807,88279144
88283417,88280836
88281808,88279146
88283418,88280837
88281809,88279147
88281810,88279148
88283419,88280838
88281811,88279149
88283420,88280839
88281812,88279150
88283421,88280840
88283422,88280842
88281813,88279151
88283423,88280845
88281814,88279152
88283424,88280846
88281815,88279153
88283425,88280847
88281816,88279154
88283426,88280848
88281817,88279155
88283427,88280849
88281818,88279156
88283428,88280850
88281819,88279159
88283429,88280851
88281820,88279160
88281821,88279161
88283430,88280852
88281822,88279162
88283431,88280853
88281823,88279163
88283432,88280854
88283433,88280855
88281824,88279164
88283434,88280856
88281825,88279165
88283435,88280857
88281826,88279166
88283436,88280858
88281827,88279167
88283437,88280859
88281828,88279168
88283438,88280860
88281829,88279170
88283439,88280861
88281830,88279171
88283440,88280862
88281831,88279172
88281832,88279173
88283441,88280863
88281833,88279174
88283442,88280864
88281834,88279175
88283443,88280865
88283444,88280866
88281835,88279176
88283445,88280867
88281836,88279177
88283446,88280868
88281837,88279178
88283447,88280869
88281838,88279179
88283448,88280870
88281839,88279180
88283449,88280871
88281840,88279181
88283450,88280872
88281841,88279182
88283451,88280873
88281842,88279183
88281843,88279184
88283452,88280874
88281844,88279185
88283453,88280875
88281845,88279186
88283454,88280876
88283455,88280877
88281846,88279187
88283456,88280878
88281847,88279188
88283457,88280879
88281848,88279189
88283458,88280880
88281849,88279190
88283459,88280881
88281850,88279191
88283460,88280882
88281851,88279192
88283461,88280883
88281852,88279193
88283462,88280884
88281853,88279194
88281854,88279195
88283463,88280885
88281855,88279196
88283464,88280886
88281856,88279197
88283465,88280887
88283466,88280888
88281857,88279198
88283467,88280889
88281858,88279199
88283468,88280890
88281859,88279200
88283469,88280891
88281860,88279201
88283470,88280892
88281861,88279202
88283471,88280893
88281862,88279203
88283472,88280894
88281863,88279204
88283473,88280895
88281864,88279205
88281865,88279206
88283474,88280896
88281866,88279207
88283475,88280897
88281867,88279208
88283476,88280898
88283477,88280899
88281868,88279209
88283478,88280900
88281869,88279210
88283479,88280901
88281870,88279211
88283480,88280902
88281871,88279212
88283481,88280903
88281872,88279213
88283482,88280904
88281873,88279214
88283483,88280905
88281874,88279215
88283484,88280906
88281875,88279216
88281876,88279217
88283485,88280907
88281877,88279218
88283486,88280908
88281878,88279219
88283487,88280909
88283488,88280910
88281879,88279220
88283489,88280911
88281880,88279221
88283490,88280912
88281881,88279224
88283491,88280913
88281882,88279225
88283492,88280914
88281883,88279226
88283493,88280915
88281884,88279227
88283494,88280916
88281885,88279228
88283495,88280917
88281886,88279231
88281887,88279232
88283496,88280918
88281888,88279233
88283497,88280919
88281889,88279234
88283498,88280920
88283499,88280921
88281890,88279235
88283500,88280922
88281891,88279236
88283501,88280923
88281892,88279237
88283502,88280924
88281893,88279238
88283503,88280925
88281894,88279239
88283504,88280926
88281895,88279240
88283505,88280927
88281896,88279241
88283506,88280928
88281897,88279242
88281898,88279243
88283507,88280929
88281899,88279244
88283508,88280930
88281900,88279245
88283509,88280931
88283510,88280932
88281901,88279246
88283511,88280933
88281902,88279247
88283512,88280934
88281903,88279248
88283513,88280935
88281904,88279249
88283514,88280936
88281905,88279250
88283515,88280937
88281906,88279251
88283516,88280938
88281907,88279252
88283517,88280939
88281908,88279253
88281909,88279254
88283518,88280940
88281910,88279255
88283519,88280941
88281911,88279256
88283520,88280942
88283521,88280943
88281912,88279257
88283522,88280944
88281913,88279258
88283523,88280945
88281914,88279260
88283524,88280946
88281915,88279261
88283525,88280947
88281916,88279262
88283526,88280948
88281917,88279263
88283527,88280949
88281918,88279264
88283528,88280950
88281919,88279265
88281920,88279266
88283529,88280951
88281921,88279267
88283530,88280952
88281922,88279268
88283531,88280953
88283532,88280954
88281923,88279269
88283533,88280955
88281924,88279270
88283534,88280956
88281925,88279271
88283535,88280957
88281926,88279272
88283536,88280958
88281927,88279273
88283537,88280959
88281928,88279274
88283538,88280960
88281929,88279275
88283539,88280961
88281930,88279276
88281931,88279277
88283540,88280962
88281932,88279278
88283541,88280963
88281933,88279279
88283542,88280964
88283543,88280965
88281934,88279280
88283544,88280966
88281935,88279281
88283545,88280967
88281936,88279282
88283546,88280968
88281937,88279283
88283547,88280969
88281938,88279284
88283548,88280970
88281939,88279285
88283549,88280971
88281940,88279286
88283550,88280972
88281941,88279287
88281942,88279288
88283551,88280973
88281943,88279289
88283552,88280974
88281944,88279290
88283553,88280975
88283554,88280976
88281945,88279291
88283555,88280977
88281946,88279292
88283556,88280978
88281947,88279293
88283557,88280979
88281948,88279294
88283558,88280980
88281949,88279295
88283559,88280981
88281950,88279296
88283560,88280982
88281951,88279297
88283561,88280983
88281952,88279298
88281953,88279299
88283562,88280984
88281954,88279300
88283563,88280985
88281955,88279301
88283564,88280986
88283565,88280987
88281956,88279302
88283566,88280988
88281957,88279303
88283567,88280989
88281958,88279304
88283568,88280990
88281959,88279305
88283569,88280991
88281960,88279306
88283570,88280992
88281961,88279307
88283571,88280993
88281962,88279308
88283572,88280994
88281963,88279309
88281964,88279310
88283573,88281013
88281965,88279311
88281966,88279312
88281967,88279313
88281968,88279314
88281969,88279317
88281970,88279318
88281971,88279319
88281972,88279320
88281973,88279321
88281974,88279322
88281975,88279323
88281976,88279324
88281977,88279325
88281978,88279326
88281979,88279327
88281980,88279328
88281981,88279329
88281982,88279330
88281983,88279331
88281984,88279332
88281985,88279333
88281986,88279334
88281987,88279335
88281988,88279336
88281989,88279337
88281990,88279338
88281991,88279339
88281992,88279340
88281993,88279341
88281994,88279342
88281995,88279343
88281996,88279344
88281997,88279346
88281998,88279347
88281999,88279348
88282000,88279349
88282001,88279350
88282002,88279351
88282003,88279352
88282004,88279353
88282005,88279354
88282006,88279355
88282007,88279356
88282008,88279357
88282009,88279358
88282010,88279359
88282011,88279360
88282012,88279361
88282013,88279362
88282014,88279363
88282015,88279364
88282016,88279365
88282017,88279368
88282018,88279369
88282019,88279370
88282020,88279371
88282021,88279372
88282022,88279373
88282023,88279374
88282024,88279375
88282025,88279376
88282026,88279377
88282027,88279378
88282028,88279379
88282029,88279380
88282030,88279381
88282031,88279382
88282032,88279383
88282033,88279384
88282034,88279385
88282035,88279386
88282036,88279387
88282037,88279388
88282038,88279389
88282039,88279390
88282040,88279391
88282041,88279392
88282042,88279393
88282043,88279394
88282044,88279395
88282045,88279396
88282046,88279397
88282047,88279398
88282048,88279399
88282049,88279400
88282050,88279401
88282051,88279402
88282052,88279403
88282053,88279404
88282054,88279405
88282055,88279406
88282056,88279407
88282057,88279408
88282058,88279409
88282059,88279410
88282060,88279411
88282061,88279412
88282062,88279413
88282063,88279414
88282064,88279415
88282065,88279416
88282066,88279417
88282067,88279418
88282068,88279419
88282069,88279420
88282070,88279421
88282071,88279422
88282072,88279423
88282073,88279424
88282074,88279425
88282075,88279429
88282076,88279430
88282077,88279431
88282078,88279432
88282079,88279433
88282080,88279434
88282081,88279435
88282082,88279436
88282083,88279437
88282084,88279438
88282085,88279439
88282086,88279440
88282087,88279441
88282088,88279442
88282089,88279443
88282090,88279444
88282091,88279445
88282092,88279446
88282093,88279447
88282094,88279448
88282095,88279449
88282096,88279450
88282097,88279451
88282098,88279452
88282099,88279453
88282100,88279454
88282101,88279455
88282102,88279456
88282103,88279457
88282104,88279458
88282105,88279459
88282106,88279460
88282107,88279461
88282108,88279462
88282109,88279463
88282110,88279464
88282111,88279465
88282112,88279466
88282113,88279467
88282114,88279468
88282115,88279469
88282116,88279470
88282117,88279471
88282118,88279472
88282119,88279473
88282120,88279474
88282121,88279475
88282122,88279476
88282123,88279477
88282124,88279478
88282125,88279479
88282126,88279480
88282127,88279481
88282128,88279482
88282129,88279483
88282130,88279484
88282131,88279485
88282132,88279486
88282133,88279487
88282134,88279488
88282135,88279489
88282136,88279490
88282137,88279491
88282138,88279492
88282139,88279493
88282140,88279494
88282141,88279495
88282142,88279496
88282143,88279497
88282144,88279498
88282145,88279499
88282146,88279500
88282147,88279501
88282148,88279502
88282149,88279503
88282150,88279504
88282151,88279505
88282152,88279506
88282153,88279507
88282154,88279508
88282155,88279509
88282156,88279513
88282157,88279514
88282158,88279515
88282159,88279516
88282160,88279517
88282161,88279518
88282162,88279519
88282163,88279520
88282164,88279521
88282165,88279522
88282166,88279523
88282167,88279524
88282168,88279525
88282169,88279526
88282170,88279527
88282171,88279528
88282172,88279529
88282173,88279530
88282174,88279531
88282175,88279532
88282176,88279533
88282177,88279534
88282178,88279535
88282179,88279536
88282180,88279537
88282181,88279538
88282182,88279539
88282183,88279540
88282184,88279541
88282185,88279542
88282186,88279543
88282187,88279544
88282188,88279545
88282189,88279546
88282190,88279547
88282191,88279548
88282192,88279549
88282193,88279550
88282194,88279551
88282195,88279552
88282196,88279553
88282197,88279554
88282198,88279555
88282199,88279556
88282200,88279557
88282201,88279558
88282202,88279559
88282203,88279560
88282204,88279561
88282205,88279562
88282206,88279563
88282207,88279564
88282208,88279565
88282209,88279566
88282210,88279567
88282211,88279568
88282212,88279569
88282213,88279570
88282214,88279571
88282215,88279572
88282216,88279575
88282217,88279576
88282218,88279577
88282219,88279578
88282220,88279579
88282221,88279580
88282222,88279581
88282223,88279582
88282224,88279583
88282225,88279584
88282226,88279585
88282227,88279586
88282228,88279587
88282229,88279588
88282230,88279589
88282231,88279590
88282232,88279591
88282233,88279592
88282234,88279593
88282235,88279594
88282236,88279595
88282237,88279596
88282238,88279597
88282239,88279598
88282240,88279599
88282241,88279600
88282242,88279601
88282243,88279602
88282244,88279603
88282245,88279604
88282246,88279605
88282247,88279606
88282248,88279607
88282249,88279608
88282250,88279609
88282251,88279610
88282252,88279611
88282253,88279612
88282254,88279613
88282255,88279614
88282256,88279616
88282257,88279618
88282258,88279619
88282259,88279620
88282260,88279621
88282261,88279622
88282262,88279624
88282263,88279625
88282264,88279626
88282265,88279627
88282266,88279628
88282267,88279629
88282268,88279630
88282269,88279631
88282270,88279632
88282271,88279633
88282272,88279634
88282273,88279637
88282274,88279638
88282275,88279639
88282276,88279640
88282277,88279641
88282278,88279642
88282279,88279643
88282280,88279644
88282281,88279645
88282282,88279646
88282283,88279647
88282284,88279648
88282285,88279649
88282286,88279650
88282287,88279651
88282288,88279652
88282289,88279653
88282290,88279654
88282291,88279655
88282292,88279656
88282293,88279657
88282294,88279658
88282295,88279659
88282296,88279660
88282297,88279661
88282298,88279662
88282299,88279663
88282300,88279664
88282301,88279665
88282302,88279666
88282303,88279667
88282304,88279668
88282305,88279669
88282306,88279670
88282307,88279671
88282308,88279672
88282309,88279673
88282310,88279675
88282311,88279676
88282312,88279677
88282313,88279678
88282314,88279679
88282315,88279680
88282316,88279681
88282317,88279682
88282318,88279683
88282319,88279684
88282320,88279685
88282321,88279686
88283177,88280588
88282322,88279687
88282323,88279688
88282324,88279689
88282325,88279690
88282326,88279691
88282327,88279692
88282328,88279693
88282329,88279694
88282330,88279695
88282331,88279696
88282332,88279697
88282333,88279698
88282334,88279699
88282335,88279700
88282336,88279701
88282337,88279702
88282338,88279703
88282339,88279704
88282340,88279705
88282341,88279706
88282342,88279707
88282343,88279708
88282344,88279709
88282345,88279712
88282346,88279713
88282347,88279714
88282348,88279715
88282349,88279716
88282350,88279717
88282351,88279718
88282352,88279719
88282353,88279720
88282354,88279721
88282355,88279722
88282356,88279723
88282357,88279724
88282358,88279725
88282359,88279726
88282360,88279727
88282361,88279728
88282362,88279729
88282363,88279730
88282364,88279731
88282365,88279732
88282366,88279733
88282367,88279734
88282368,88279735
88282369,88279736
88282370,88279737
88282371,88279738
88282372,88279739
88282373,88279740
88282374,88279741
88282375,88279742
88282376,88279743
88282377,88279744
88282378,88279745
88282379,88279746
88282380,88279747
88282381,88279748
88282382,88279749
88282383,88279750
88282384,88279751
88282385,88279752
88282386,88279753
88282387,88279754
88282388,88279755
88282389,88279756
88282390,88279757
88282391,88279758
88282392,88279759
88282393,88279760
88282394,88279761
88282395,88279762
88282396,88279763
88282397,88279764
88282398,88279765
88282399,88279766
88282400,88279767
88282401,88279768
88282402,88279769
88282403,88279770
88282404,88279773
88282405,88279774
88282406,88279775
88282407,88279776
88282408,88279777
88282409,88279778
88282410,88279779
88282411,88279780
88282412,88279781
88282413,88279782
88282414,88279783
88282415,88279784
88282416,88279785
88282417,88279786
88282418,88279787
88282419,88279788
88282420,88279789
88282421,88279790
88282422,88279791
88282423,88279792
88282424,88279793
88282425,88279794
88282426,88279795
88282427,88279796
88282428,88279797
88282429,88279798
88282430,88279799
88282431,88279800
88282432,88279801
88282433,88279802
88282434,88279803
88282435,88279804
88282436,88279805
88282437,88279806
88282438,88279807
88282439,88279808
88282440,88279809
88282441,88279810
88282442,88279811
88282443,88279814
88282444,88279815
88282445,88279816
88282446,88279817
88282447,88279818
88282448,88279819
88282449,88279820
88282450,88279821
88282451,88279822
88282452,88279823
88282453,88279824
88282454,88279825
88282455,88279826
88282456,88279827
88282457,88279828
88282458,88279829
88282459,88279830
88282460,88279831
88282461,88279832
88282462,88279833
88282463,88279834
88282464,88279835
88282465,88279836
88282466,88279837
88282467,88279838
88282468,88279839
88282469,88279840
88282470,88279841
88282471,88279842
88282472,88279843
88282473,88279844
88282474,88279845
88282475,88279846
88282476,88279847
88282477,88279848
88282478,88279849
88282479,88279850
88282480,88279851
88282481,88279852
88282482,88279853
88282483,88279854
88282484,88279855
88282485,88279856
88282486,88279857
88282487,88279858
88282488,88279859
88282489,88279861
88282490,88279862
88282491,88279863
88282492,88279864
88282493,88279865
88282494,88279866
88282495,88279867
88282496,88279868
88282497,88279869
88282498,88279870
88282499,88279871
88282500,88279872
88282501,88279873
88282502,88279874
88282503,88279875
88282504,88279876
88282505,88279877
88282506,88279878
88282507,88279879
88282508,88279880
88282509,88279881
88282510,88279882
88282511,88279883
88282512,88279884
88282513,88279885
88282514,88279886
88282515,88279887
88282516,88279888
88282517,88279889
88282518,88279890
88282519,88279891
88282520,88279892
88282521,88279893
88282522,88279894
88282523,88279895
88282524,88279896
88282525,88279897
88282526,88279898
88282527,88279899
88282528,88279900
88282529,88279901
88282530,88279902
88282531,88279903
88282532,88279904
88282533,88279905
88282534,88279906
88282535,88279907
88282536,88279908
88282537,88279915
88282538,88279916
88282539,88279919
88282540,88279920
88282541,88279921
88282542,88279922
88282543,88279923
88282544,88279924
88282545,88279925
88282546,88279926
88282547,88279927
88282548,88279928
88282549,88279929
88282550,88279930
88282551,88279931
88282552,88279932
88282553,88279933
88282554,88279934
88282555,88279935
88282556,88279936
88282557,88279937
88282558,88279938
88282559,88279939
88282560,88279940
88282561,88279941
88282562,88279942
88282563,88279943
88282564,88279944
88282565,88279945
88282566,88279946
88282567,88279947
88282568,88279948
88282569,88279949
88282570,88279950
88282571,88279951
88282572,88279952
88282573,88279953
88282574,88279954
88282575,88279955
88282576,88279956
88282577,88279957
88282578,88279958
88282579,88279959
88282580,88279960
88282581,88279961
88282582,88279962
88282583,88279963
88282584,88279964
88282585,88279965
88282586,88279966
88282587,88279967
88282588,88279968
88282589,88279969
88282590,88279970
88282591,88279971
88282592,88279972
88282593,88279973
88282594,88279974
88282595,88279975
88282596,88279976
88282597,88279977
88282598,88279978
88282599,88279979
88282600,88279980
88282601,88279981
88282602,88279982
88282603,88279983
88282604,88279984
88282605,88279985
88282606,88279986
88282607,88279987
88282608,88279988
88282609,88279989
88282610,88279990
88282611,88279991
88282612,88279993
88282613,88279994
88282614,88279996
88282615,88279997
88282616,88280000
88282617,88280001
88282618,88280002
88282619,88280003
88282620,88280004
88282621,88280005
88282622,88280006
88282623,88280007
88281014,88277845
88282624,88280008
88281015,88278385
88282625,88280009
88281016,88278450
88282626,88280010
88281017,88278453
88281018,88278499
88282627,88280011
88281019,88278500
88282628,88280012
88281020,88278540
88282629,88280013
88282630,88280014
88281021,88278594
88282631,88280015
88281022,88278732
88282632,88280018
88281023,88278733
88282633,88280019
88281024,88278772
88282634,88280020
88281025,88278809
88282635,88280021
88281026,88278919
88282636,88280022
88281027,88279169
88282637,88280023
88281028,88279259
88281029,88279345
88282638,88280024
88281030,88279426
88282639,88280025
88281031,88279427
88282640,88280026
88282641,88280027
88281032,88279428
88282642,88280028
88281033,88279510
88282643,88280029
88281034,88279511
88282644,88280030
88281035,88279512
88282645,88280031
88281036,88279615
88282646,88280032
88281037,88279617
88282647,88280033
88281038,88279674
88282648,88280034
88281039,88279909
88281040,88279910
88282649,88280035
88281041,88279911
88282650,88280036
88281042,88279912
88282651,88280037
88282652,88280038
88281043,88279913
88282653,88280039
88281044,88279914
88282654,88280040
88281045,88279992
88282655,88280041
88281046,88279995
88282656,88280042
88281047,88280264
88282657,88280043
88281048,88280265
88282658,88280044
88281049,88280391
88282659,88280045
88281050,88280454
88281051,88280455
88282660,88280046
88281052,88280456
88282661,88280047
88281053,88280457
88282662,88280048
88282663,88280049
88281054,88280458
88282664,88280050
88281055,88280459
88282665,88280051
88281056,88280460
88282666,88280052
88281057,88280461
88282667,88280053
88281058,88280462
88282668,88280054
88281059,88280463
88282669,88280055
88281060,88280464
88282670,88280056
88281061,88280771
88281062,88280781
88282671,88280057
88281063,88280841
88282672,88280058
88281064,88280995
88282673,88280059
88282674,88280060
88281065,88280996
88282675,88280061
88281066,88280997
88282676,88280062
88281067,88280998
88282677,88280063
88281068,88280999
88282678,88280064
88281069,88281000
88282679,88280065
88281070,88281001
88282680,88280066
88281071,88281002
88282681,88280067
88281072,88281003
88281073,88281004
88282682,88280068
88281074,88281005
88282683,88280069
88281075,88281006
88282684,88280070
88282685,88280071
88281076,88281007
88282686,88280072
88281077,88281008
88282687,88280073
88281078,88281009
88282688,88280074
88281079,88281011
88282689,88280075
88281080,88281012
88282690,88280076
88281081,88278361
88282691,88280077
88281082,88278363
88282692,88280078
88281083,88278365
88281084,88278366
88282693,88280079
88281085,88278368
88282694,88280080
88281086,88278369
88282695,88280081
88282696,88280082
88281087,88278370
88282697,88280083
88281088,88278371
88282698,88280084
88281089,88278372
88282699,88280085
88281090,88278373
88282700,88280086
88281091,88278375
88282701,88280087
88281092,88278376
88282702,88280088
88281093,88278377
88282703,88280089
88281094,88278378
88281095,88278381
88282704,88280090
88281096,88278382
88282705,88280091
88281097,88278383
88282706,88280092
88282707,88280093
88281098,88278384
88282708,88280094
88281099,88278386
88282709,88280095
88281100,88278387
88282710,88280096
88281101,88278388
88282711,88280097
88281102,88278389
88282712,88280098
88281103,88278390
88282713,88280099
88281104,88278391
88282714,88280100
88281105,88278392
88281106,88278393
88282715,88280101
88281107,88278394
88282716,88280102
88281108,88278395
88282717,88280103
88282718,88280104
88281109,88278397
88282719,88280105
88281110,88278398
88282720,88280106
88281111,88278399
88282721,88280107
88281112,88278400
88282722,88280108
88281113,88278401
88282723,88280109
88281114,88278402
88282724,88280110
88281115,88278403
88282725,88280111
88281116,88278405
88277898,88278921
88281117,88278407
88282726,88280112
88281118,88278409
88282727,88280113
88281119,88278410
88282728,88280114
88282729,88280115
88281120,88278411
88282730,88280116
88281121,88278412
88282731,88280117
88281122,88278413
88282732,88280118
88281123,88278414
88277905,88278735
88282733,88280119
88281124,88278415
88282734,88280120
88281125,88278416
88282735,88280121
88281126,88278417
88282736,88280122
88281127,88278418
88281128,88278419
88282737,88280123
88281129,88278420
88282738,88280124
88281130,88278421
88282739,88280125
88282740,88280126
88281131,88278422
88282741,88280127
88281132,88278423
88277914,88277467
88282742,88280128
88281133,88278424
88277915,88277444
88282743,88280129
88281134,88278425
88277916,88277446
88282744,88280130
88281135,88278426
88277917,88277505
88282745,88280131
88281136,88278427
88277918,88277448
88282746,88280132
88281137,88278428
88277919,88277449
88282747,88280133
88281138,88278429
88277920,88277450
88281139,88278430
88282748,88280134
88277921,88277703
88281140,88278431
88282749,88280135
88277922,88277451
88281141,88278432
88282750,88280136
88277923,88277455
88282751,88280137
88281142,88278433
88277924,88277452
88282752,88280138
88281143,88278434
88277925,88277453
88282753,88280139
88281144,88278435
88277926,88277454
88282754,88280140
88281145,88278436
88277927,88277456
88282755,88280141
88281146,88278437
88277928,88277445
88282756,88280142
88281147,88278438
88277929,88277457
88282757,88280143
88281148,88278439
88277930,88277458
88282758,88280144
88281149,88278440
88277931,88277719
88281150,88278441
88282759,88280145
88277932,88277460
88281151,88278442
88282760,88280146
88277933,88277461
88281152,88278443
88282761,88280147
88277934,88277462
88282762,88280148
88281153,88278444
88277935,88277463
88282763,88280149
88281154,88278445
88277936,88277735
88282764,88280150
88281155,88278446
88277937,88277465
88282765,88280152
88281156,88278448
88277938,88277466
88282766,88280153
88281157,88278449
88277939,88277468
88282767,88280155
88281158,88278451
88277940,88277469
88282768,88280156
88281159,88278454
88277941,88277470
88282769,88280157
88281160,88278455
88277942,88277692
88281161,88278456
88282770,88280158
88277943,88277720
88281162,88278457
88282771,88280159
88277944,88277472
88281163,88278458
88282772,88280160
88277945,88277473
88282773,88280161
88281164,88278459
88277946,88277471
88282774,88280162
88281165,88278460
88277947,88277474
88282775,88280163
88281166,88278461
88277948,88277475
88282776,88280164
88281167,88278462
88277949,88277447
88282777,88280165
88281168,88278463
88277950,88277802
88282778,88280166
88281169,88278464
88277951,88277855
88282779,88280167
88281170,88278465
88277952,88277476
88282780,88280168
88281171,88278466
88277953,88277504
88281172,88278467
88282781,88280169
88277954,88277477
88281173,88278468
88282782,88280170
88277955,88277478
88281174,88278469
88282783,88280171
88277956,88277479
88282784,88280172
88281175,88278470
88277957,88277501
88282785,88280173
88281176,88278471
88277958,88277480
88282786,88280174
88281177,88278472
88277959,88277691
88282787,88280175
88281178,88278473
88277960,88277493
88282788,88280176
88281179,88278476
88277961,88277481
88282789,88280177
88281180,88278477
88277962,88277482
88282790,88280178
88281181,88278478
88277963,88277483
88282791,88280179
88281182,88278479
88277964,88277484
88281183,88278480
88282792,88280180
88277965,88277485
88281184,88278481
88282793,88280181
88277966,88277688
88281185,88278482
88282794,88280182
88277967,88277506
88282795,88280183
88281186,88278483
88277968,88277486
88282796,88280184
88281187,88278484
88277969,88277848
88282797,88280185
88281188,88278485
88277970,88277849
88282798,88280186
88281189,88278486
88277971,88277487
88282799,88280187
88281190,88278487
88277972,88277801
88282800,88280188
88281191,88278488
88277973,88277689
88282801,88280189
88281192,88278489
88277974,88277843
88282802,88280190
88281193,88278490
88277975,88277488
88281194,88278491
88282803,88280191
88277976,88277489
88281195,88278492
88282804,88280192
88277977,88280432
88281196,88278493
88282805,88280193
88277978,88277490
88282806,88280194
88281197,88278494
88277979,88277491
88282807,88280195
88281198,88278495
88277980,88277492
88282808,88280196
88281199,88278496
88277981,88277494
88282809,88280197
88281200,88278497
88277982,88277690
88282810,88280198
88281201,88278498
88277983,88277844
88282811,88280199
88281202,88278501
88277984,88277842
88282812,88280200
88281203,88278502
88277985,88277850
88282813,88280201
88281204,88278503
88277986,88277738
88281205,88278504
88282814,88280202
88277987,88277496
88281206,88278505
88282815,88280203
88277988,88277853
88281207,88278506
88282816,88280204
88277989,88277846
88282817,88280205
88281208,88278507
88277990,88277734
88282818,88280206
88281209,88278508
88277991,88277497
88282819,88280207
88281210,88278509
88277992,88277495
88282820,88280208
88281211,88278510
88277993,88277841
88282821,88280209
88281212,88278511
88277994,88277498
88282822,88280210
88281213,88278512
88277995,88277499
88282823,88280211
88281214,88278513
88277996,88277803
88282824,88280212
88281215,88278514
88277997,88277500
88281216,88278515
88282825,88280213
88277998,88277502
88281217,88278517
88282826,88280214
88277999,88277503
88281218,88278518
88282827,88280215
88278000,88277851
88282828,88280216
88281219,88278519
88278001,88277847
88282829,88280217
88281220,88278520
88278002,88277852
88282830,88280218
88281221,88278523
88278003,88277854
88282831,88280219
88281222,88278524
88278004,88277520
88282832,88280220
88281223,88278525
88278005,88277583
88282833,88280221
88281224,88278526
88278006,88277695
88282834,88280222
88281225,88278527
88278007,88277766
88282835,88280223
88281226,88278528
88278008,88277543
88281227,88278529
88282836,88280224
88278009,88277727
88281228,88278530
88282837,88280225
88278010,88277531
88281229,88278531
88282838,88280226
88278011,88277588
88282839,88280227
88281230,88278532
88278012,88277697
88282840,88280228
88281231,88278533
88278013,88277592
88282841,88280229
88281232,88278534
88278014,88277819
88282842,88280230
88281233,88278535
88278015,88277529
88282843,88280231
88281234,88278536
88278016,88277764
88282844,88280232
88281235,88278539
88278017,88277534
88282845,88280233
88281236,88278541
88278018,88277818
88282846,88280234
88281237,88278542
88278019,88277536
88281238,88278543
88282847,88280235
88278020,88277626
88281239,88278546
88282848,88280236
88278021,88277675
88281240,88278549
88282849,88280237
88278022,88277507
88282850,88280238
88281241,88278550
88278023,88277513
88282851,88280239
88281242,88278551
88278024,88277736
88282852,88280240
88281243,88278552
88278025,88277733
88282853,88280241
88281244,88278553
88278026,88277721
88282854,88280242
88281245,88278555
88278027,88277786
88282855,88280243
88281246,88278556
88278028,88277552
88282856,88280244
88281247,88278557
88278029,88277556
88282857,88280245
88281248,88278558
88278030,88277824
88281249,88278559
88282858,88280246
88278031,88277528
88281250,88278560
88282859,88280247
88278032,88277784
88281251,88278561
88282860,88280248
88278033,88277813
88282861,88280251
88281252,88278562
88278034,88277550
88282862,88280252
88281253,88278563
88278035,88277838
88282863,88280253
88281254,88278564
88278036,88277510
88282864,88280254
88281255,88278565
88278037,88277639
88282865,88280255
88281256,88278566
88278038,88277632
88282866,88280256
88281257,88278567
88278039,88277660
88282867,88280257
88281258,88278568
88278040,88277647
88282868,88280258
88281259,88278569
88278041,88277642
88281260,88278570
88282869,88280259
88278042,88277620
88281261,88278571
88282870,88280260
88278043,88277676
88281262,88278572
88282871,88280261
88278044,88277558
88282872,88280262
88281263,88278573
88278045,88277797
88282873,88280263
88281264,88278574
88278046,88277648
88282874,88280266
88281265,88278575
88278047,88277745
88282875,88280267
88281266,88278576
88278048,88277693
88282876,88280268
88281267,88278578
88278049,88277749
88282877,88280269
88281268,88278579
88278050,88277656
88282878,88280270
88281269,88278580
88278051,88277514
88282879,88280271
88281270,88278581
88278052,88277668
88281271,88278582
88282880,88280272
88278053,88277770
88281272,88278583
88282881,88280273
88278054,88277785
88281273,88278584
88282882,88280274
88278055,88279860
88282883,88280275
88281274,88278585
88278056,88277606
88282884,88280276
88281275,88278586
88278057,88278736
88282885,88280277
88281276,88278587
88278058,88277752
88282886,88280278
88281277,88278588
88278059,88277546
88282887,88280279
88281278,88278589
88278060,88277741
88282888,88280280
88281279,88278590
88278061,88277737
88282889,88280281
88281280,88278591
88278062,88277650
88282890,88280282
88281281,88278592
88278063,88277611
88281282,88278593
88282891,88280283
88278064,88277612
88281283,88278595
88282892,88280284
88278065,88277544
88281284,88278596
88282893,88280285
88278066,88277761
88282894,88280286
88281285,88278597
88278067,88277835
88282895,88280287
88281286,88278598
88278068,88277624
88282896,88280288
88281287,88278599
88278069,88277757
88282897,88280289
88281288,88278600
88278070,88277605
88282898,88280290
88281289,88278601
88278071,88277687
88282899,88280291
88281290,88278602
88278072,88277651
88282900,88280292
88281291,88278603
88278073,88277739
88282901,88280293
88281292,88278604
88278074,88277653
88281293,88278605
88282902,88280294
88278075,88277832
88281294,88278606
88282903,88280295
88278076,88277644
88281295,88278607
88282904,88280296
88278077,88277635
88282905,88280297
88281296,88278608
88278078,88277702
88282906,88280298
88281297,88278609
88278079,88277747
88282907,88280299
88281298,88278610
88278080,88277589
88282908,88280300
88281299,88278611
88278081,88277641
88282909,88280301
88281300,88278612
88278082,88277782
88282910,88280302
88281301,88278613
88278083,88277753
88282911,88280303
88281302,88278614
88278084,88277661
88282912,88280304
88281303,88278615
88278085,88277694
88281304,88278616
88282913,88280305
88278086,88277704
88281305,88278617
88282914,88280306
88278087,88277619
88281306,88278618
88282915,88280307
88278088,88277709
88282916,88280308
88281307,88278619
88278089,88277762
88282917,88280311
88281308,88278620
88278090,88277806
88282918,88280312
88281309,88278621
88278091,88277717
88282919,88280313
88281310,88278622
88278092,88277681
88282920,88280314
88281311,88278623
88278093,88277662
88282921,88280315
88281312,88278624
88278094,88277658
88282922,88280316
88281313,88278625
88278095,88277712
88282923,88280317
88281314,88278627
88278096,88277781
88281315,88278628
88282924,88280318
88278097,88277751
88281316,88278630
88282925,88280319
88278098,88277599
88281317,88278631
88282926,88280320
88278099,88277508
88282927,88280321
88281318,88278632
88278100,88277707
88282928,88280322
88281319,88278633
88278101,88277777
88282929,88280323
88281320,88278634
88278102,88277716
88282930,88280324
88281321,88278635
88278103,88281010
88282931,88280325
88281322,88278636
88278104,88277701
88282932,88280326
88281323,88278637
88278105,88277729
88282933,88280327
88281324,88278638
88278106,88277700
88282934,88280328
88281325,88278639
88278107,88277825
88281326,88278640
88282935,88280329
88278108,88277821
88281327,88278641
88282936,88280330
88278109,88277607
88281328,88278642
88282937,88280331
88278110,88277810
88282938,88280332
88281329,88278643
88278111,88277613
88282939,88280333
88281330,88278644
88278112,88277822
88282940,88280334
88281331,88278645
88278113,88277585
88282941,88280335
88281332,88278646
88278114,88277601
88282942,88280336
88281333,88278647
88278115,88277814
88282943,88280337
88281334,88278648
88278116,88277837
88282944,88280338
88281335,88278649
88278117,88277809
88282945,88280339
88281336,88278650
88278118,88277512
88281337,88278651
88282946,88280340
88278119,88277518
88281338,88278652
88282947,88280341
88278120,88277537
88281339,88278653
88282948,88280342
88278121,88277557
88282949,88280343
88281340,88278654
88278122,88277743
88282950,88280344
88281341,88278655
88278123,88277724
88282951,88280345
88281342,88278656
88278124,88277526
88282952,88280346
88281343,88278657
88278125,88277551
88282953,88280347
88281344,88278658
88278126,88277584
88282954,88280348
88281345,88278659
88278127,88277618
88282955,88280349
88281346,88278660
88278128,88277594
88282956,88280350
88281347,88278661
88278129,88277614
88281348,88278662
88282957,88280351
88278130,88277609
88281349,88278663
88282958,88280352
88278131,88277805
88281350,88278664
88282959,88280353
88278132,88277580
88282960,88280354
88281351,88278665
88278133,88277578
88282961,88280355
88281352,88278666
88278134,88277830
88282962,88280356
88281353,88278667
88278135,88277569
88282963,88280357
88281354,88278668
88278136,88277571
88282964,88280358
88281355,88278669
88278137,88277680
88282965,88280359
88281356,88278670
88278138,88277622
88282966,88280360
88281357,88278671
88278139,88277633
88282967,88280361
88281358,88278672
88278140,88277628
88281359,88278673
88282968,88280362
88278141,88277684
88281360,88278674
88282969,88280363
88278142,88277562
88281361,88278675
88282970,88280364
88278143,88277779
88282971,88280365
88281362,88278676
88278144,88277576
88282972,88280366
88281363,88278677
88278145,88277568
88282973,88280367
88281364,88278678
88278146,88277756
88282974,88280368
88281365,88278679
88278147,88277673
88282975,88280369
88281366,88278680
88278148,88277674
88282976,88280370
88281367,88278681
88278149,88277615
88282977,88280371
88281368,88278684
88278150,88277567
88282978,88280372
88281369,88278685
88278151,88277706
88281370,88278686
88282979,88280373
88278152,88277759
88281371,88278687
88282980,88280374
88278153,88277718
88281372,88278688
88282981,88280375
88278154,88277678
88282982,88280376
88281373,88278689
88278155,88277582
88282983,88280377
88281374,88278690
88278156,88277575
88282984,88280378
88281375,88278693
88278157,88277595
88282985,88280379
88281376,88278694
88278158,88277799
88282986,88280380
88281377,88278695
88278159,88277774
88282987,88280381
88281378,88278696
88278160,88277775
88282988,88280382
88281379,88278697
88278161,88277553
88282989,88280383
88281380,88278698
88278162,88277538
88281381,88278699
88282990,88280384
88278163,88277767
88281382,88278700
88282991,88280385
88278164,88277787
88281383,88278701
88282992,88280386
88278165,88277765
88282993,88280387
88281384,88278702
88278166,88277796
88282994,88280388
88281385,88278703
88278167,88277554
88282995,88280389
88281386,88278704
88278168,88277515
88282996,88280390
88281387,88278705
88278169,88277793
88282997,88280392
88281388,88278706
88278170,88277523
88282998,88280393
88281389,88278707
88278171,88277509
88282999,88280394
88281390,88278708
88278172,88277540
88283000,88280395
88281391,88278709
88278173,88277539
88281392,88278710
88283001,88280396
88278174,88277790
88281393,88278711
88283002,88280397
88278175,88277789
88281394,88278712
88283003,88280398
88278176,88277795
88283004,88280399
88281395,88278713
88278177,88277794
88283005,88280400
88281396,88278714
88278178,88277778
88283006,88280401
88281397,88278715
88278179,88277772
88283007,88280402
88281398,88278716
88278180,88277771
88283008,88280403
88281399,88278717
88278181,88277769
88283009,88280404
88281400,88278718
88278182,88277776
88283010,88280405
88281401,88278719
88278183,88277755
88283011,88280406
88281402,88278720
88278184,88277715
88281403,88278721
88283012,88280407
88278185,88277760
88281404,88278722
88283013,88280408
88278186,88277763
88281405,88278723
88283014,88280409
88278187,88277780
88283015,88280410
88281406,88278724
88278188,88277746
88283016,88280411
88281407,88278725
88278189,88277728
88283017,88280412
88281408,88278726
88278190,88277696
88283018,88280413
88281409,88278727
88278191,88277725
88283019,88280414
88281410,88278728
88278192,88277698
88283020,88280415
88281411,88278729
88278193,88277705
88283021,88280416
88281412,88278730
88278194,88277714
88283022,88280417
88281413,88278731
88278195,88277722
88281414,88278737
88283023,88280418
88278196,88277742
88281415,88278738
88283024,88280419
88278197,88277710
88281416,88278739
88283025,88280420
88278198,88277732
88283026,88280421
88281417,88278740
88278199,88277525
88283027,88280422
88281418,88278741
88278200,88277517
88283028,88280423
88281419,88278742
88278201,88277533
88283029,88280424
88281420,88278743
88278202,88277547
88283030,88280425
88281421,88278744
88278203,88277545
88283031,88280426
88281422,88278745
88278204,88277511
88283032,88280427
88281423,88278746
88278205,88277636
88283033,88280428
88281424,88278747
88278206,88277645
88281425,88278748
88283034,88280429
88278207,88277683
88281426,88278749
88283035,88280430
88278208,88277625
88281427,88278750
88283036,88280431
88278209,88277634
88283037,88280433
88281428,88278751
88278210,88277677
88283038,88280434
88281429,88278752
88278211,88277572
88283039,88280435
88281430,88278753
88278212,88277829
88283040,88280436
88281431,88278754
88278213,88277579
88283041,88280437
88281432,88278755
88278214,88277564
88283042,88280438
88281433,88278756
88278215,88277828
88283043,88280439
88281434,88278757
88278216,88277600
88283044,88280440
88281435,88278758
88278217,88277804
88281436,88278759
88283045,88280441
88278218,88277808
88281437,88278760
88283046,88280442
88278219,88277581
88281438,88278761
88283047,88280443
88278220,88277833
88283048,88280444
88281439,88278762
88278221,88277560
88283049,88280445
88281440,88278763
88278222,88277773
88283050,88280446
88281441,88278764
88278223,88277726
88283051,88280447
88281442,88278765
88278224,88277608
88283052,88280448
88281443,88278766
88278225,88277549
88283053,88280449
88281444,88278767
88278226,88277750
88283054,88280450
88281445,88278768
88278227,88277671
88283055,88280451
88281446,88278769
88278228,88277617
88281447,88278770
88283056,88280452
88278229,88277561
88281448,88278771
88283057,88280453
88278230,88277664
88281449,88278773
88283058,88280465
88278231,88277669
88283059,88280466
88281450,88278774
88278232,88277574
88283060,88280467
88281451,88278775
88278233,88277566
88283061,88280468
88281452,88278776
88278234,88277559
88283062,88280469
88281453,88278777
88278235,88277831
88283063,88280470
88281454,88278778
88278236,88277565
88283064,88280471
88281455,88278779
88278237,88277573
88283065,88280472
88281456,88278780
88278238,88277527
88283066,88280473
88281457,88278781
88278239,88277666
88281458,88278782
88283067,88280474
88278240,88277811
88281459,88278783
88283068,88280475
88278241,88277768
88281460,88278784
88283069,88280476
88278242,88277665
88283070,88280477
88281461,88278785
88278243,88277682
88283071,88280478
88281462,88278786
88278244,88277817
88283072,88280479
88281463,88278787
88278245,88277812
88283073,88280480
88281464,88278788
88278246,88277530
88283074,88280481
88281465,88278789
88278247,88277754
88283075,88280482
88281466,88278790
88278248,88277730
88283076,88280483
88281467,88278791
88278249,88277577
88283077,88280484
88281468,88278792
88278250,88277686
88281469,88278793
88283078,88280485
88278251,88277610
88281470,88278794
88283079,88280486
88278252,88277623
88281471,88278795
88283080,88280487
88278253,88277630
88283081,88280488
88281472,88278796
88278254,88277840
88283082,88280489
88281473,88278797
88278255,88277685
88283083,88280490
88281474,88278798
88278256,88277758
88283084,88280491
88281475,88278799
88278257,88277659
88283085,88280492
88281476,88278800
88278258,88277834
88283086,88280493
88281477,88278801
88278259,88277670
88283087,88280494
88281478,88278802
88278260,88277535
88283088,88280495
88281479,88278803
88278261,88277655
88281480,88278804
88283089,88280496
88278262,88277604
88281481,88278805
88283090,88280497
88278263,88277788
88281482,88278806
88283091,88280498
88278264,88277555
88283092,88280499
88281483,88278807
88278265,88277823
88283093,88280500
88281484,88278808
88278266,88277783
88283094,88280501
88281485,88278810
88278267,88277740
88283095,88280502
88281486,88278811
88278268,88277798
88283096,88280503
88281487,88278812
88278269,88277587
88283097,88280504
88281488,88278813
88278270,88277807
88283098,88280505
88281489,88278814
88278271,88277541
88283099,88280506
88281490,88278815
88278272,88277603
88281491,88278816
88283100,88280507
88278273,88277672
88281492,88278817
88283101,88280508
88278274,88277748
88281493,88278818
88283102,88280509
88278275,88277522
88283103,88280510
88281494,88278819
88278276,88277519
88283104,88280511
88281495,88278820
88278277,88277532
88283105,88280512
88281496,88278821
88278278,88277590
88283106,88280513
88281497,88278822
88278279,88277570
88283107,88280514
88281498,88278823
88278280,88277643
88283108,88280515
88281499,88278824
88278281,88277646
88283109,88280516
88281500,88278825
88278282,88277699
88283110,88280517
88281501,88278826
88278283,88277827
88281502,88278827
88283111,88280518
88278284,88277542
88281503,88278828
88283112,88280519
88278285,88277563
88281504,88278829
88283113,88280520
88278286,88277713
88283114,88280521
88281505,88278830
88278287,88277711
88283115,88280522
88281506,88278831
88278288,88277654
88283116,88280523
88281507,88278832
88278289,88277723
88283117,88280524
88281508,88278833
88278290,88277637
88283118,88280525
88281509,88278834
88278291,88277640
88283119,88280526
88281510,88278835
88278292,88277731
88283120,88280527
88281511,88278836
88278293,88277649
88283121,88280528
88281512,88278837
88278294,88277629
88281513,88278839
88283122,88280529
88278295,88277836
88281514,88278840
88283123,88280530
88278296,88277638
88281515,88278841
88283124,88280531
88278297,88277679
88283125,88280532
88281516,88278842
88278298,88277652
88283126,88280535
88281517,88278843
88278299,88277596
88283127,88280536
88281518,88278844
88278300,88277593
88283128,88280537
88281519,88278845
88278301,88277791
88283129,88280538
88281520,88278846
88278302,88277586
88283130,88280539
88281521,88278847
88278303,88277744
88283131,88280540
88281522,88278848
88278304,88277598
88283132,88280541
88281523,88278849
88278305,88277521
88281524,88278850
88283133,88280542
88278306,88277616
88281525,88278851
88283134,88280543
88278307,88277667
88281526,88278852
88283135,88280544
88278308,88277792
88283136,88280545
88281527,88278853
88278309,88277800
88283137,88280546
88281528,88278854
88278310,88277839
88283138,88280547
88281529,88278855
88278311,88277657
88283139,88280548
88281530,88278856
88278312,88277708
88283140,88280549
88281531,88278857
88278313,88277663
88283141,88280550
88281532,88278858
88278314,88277548
88283142,88280551
88281533,88278859
88278315,88277631
88283143,88280552
88281534,88278860
88278316,88277621
88281535,88278861
88283144,88280553
88278317,88277826
88281536,88278862
88283145,88280554
88278318,88277627
88281537,88278863
88283146,88280555
88278319,88277524
88283147,88280556
88281538,88278864
88278320,88277516
88283148,88280557
88281539,88278865
88278321,88277591
88283149,88280558
88281540,88278866
88278322,88277597
88283150,88280559
88281541,88278867
88278323,88277815
88283151,88280560
88281542,88278868
88278324,88277820
88283152,88280561
88281543,88278869
88278325,88277602
88283153,88280562
88281544,88278870
88278326,88277816
88283154,88280563
88281545,88278871
88278327,88277877
88281546,88278872
88283155,88280564
88278328,88277881
88281547,88278873
88283156,88280565
88278329,88277873
88281548,88278874
88283157,88280566
88278330,88277875
88283158,88280567
88281549,88278875
88278331,88277871
88283159,88280568
88281550,88278876
88278332,88277856
88283160,88280569
88281551,88278877
88278333,88277883
88283161,88280570
88281552,88278878
88278334,88277885
88283162,88280571
88281553,88278879
88278335,88277884
88283163,88280572
88281554,88278880
88278336,88277882
88283164,88280573
88281555,88278881
88278337,88277866
88283165,88280574
88281556,88278882
88278338,88277872
88281557,88278883
88283166,88280576
88278339,88277870
88281558,88278884
88283167,88280577
88278340,88277879
88281559,88278885
88283168,88280579
88278341,88277869
88283169,88280580
88281560,88278886
88278342,88277865
88283170,88280581
88281561,88278887
88278343,88277867
88283171,88280582
88281562,88278888
88278344,88277863
88283172,88280583
88281563,88278889
88278345,88277859
88283173,88280584
88281564,88278890
88278346,88277874
88283174,88280585
88281565,88278891
88278347,88277862
88283175,88280586
88281566,88278892
88278348,88277860
88283176,88280587
88281567,88278893
88278349,88277864
88281568,88278894
